"Relative Time","Dynamic_Id_Transaction:Pass","Dynamic_Table_Transaction:Pass","vuser_end_Transaction:Pass","vuser_init_Transaction:Pass"
"00:00","0","0","0","0.25"
"00:04","0","0","0","0"
"00:08","0","0","0","0"
"00:12","0","0","0","0"
"00:16","0","0","0","0.25"
"00:20","0","0","0","0"
"00:24","0","0","0","0"
"00:28","0","0.25","0","0"
"00:32","0","0","0","0.25"
"00:36","0","0","0","0"
"00:40","0","0.25","0","0"
"00:44","0","0","0","0"
"00:48","0.25","0","0","0"
"00:52","0","0","0","0.25"
"00:56","0","0.25","0","0"
"01:00","0.25","0","0","0"
"01:04","0","0","0","0"
"01:08","0","0","0","0"
"01:12","0","0","0","0"
"01:16","0.25","0.5","0","0"
"01:20","0","0","0","0"
"01:24","0","0.25","0","0"
"01:28","0","0","0","0"
"01:32","0.5","0","0","0"
"01:36","0","0","0","0"
"01:40","0","0.25","0","0"
"01:44","0.25","0","0","0"
"01:48","0","0","0","0"
"01:52","0","0","0","0"
"01:56","0","0","0","0"
"02:00","0.25","0.5","0","0"
"02:04","0","0","0","0"
"02:08","0","0.25","0","0"
"02:12","0","0","0","0"
"02:16","0.5","0","0","0"
"02:20","0","0","0","0"
"02:24","0","0.25","0","0"
"02:28","0.25","0","0","0"
"02:32","0","0","0","0"
"02:36","0","0","0","0"
"02:40","0","0","0","0"
"02:44","0.25","0.5","0","0"
"02:48","0","0","0","0"
"02:52","0","0.25","0","0"
"02:56","0","0","0","0"
"03:00","0.5","0","0.25","0"
"03:04","0","0","0","0"
"03:08","0","0.25","0","0"
"03:12","0.25","0","0.25","0"
"03:16","0","0","0","0"
"03:20","0","0","0","0"
"03:24","0","0","0","0"
"03:28","0.25","0.25","0.25","0"
"03:32","0","0","0","0"
"03:36","0","0","0","0"
"03:40","0","0","0","0"
"03:44","0.25","0","0.25","0"
"03:48","0","0","0","0"
